,year,after,ohio,number_tested,pct_prof_or_above,tot_pop,perc_male,perc_female,perc_under5,perc_5to19,perc_20plus,perc_caucasian,perc_otherethnicity,perc_nobach,perc_bachplus,median_inc,interaction
count,348.0,348.0,348.0,348.0,348.0,348.0,348.0,348.0,348.0,348.0,348.0,348.0,348.0,348.0,348.0,348.0,348.0
mean,2010.5,0.5,0.8333333333333334,483.0603448275862,78.94252873563218,49768.574712643676,0.4854597701149425,0.5145402298850574,0.06347701149425289,0.1721264367816092,0.7641666666666667,0.8339080459770115,0.1697126436781609,0.7064655172413794,0.2935344827586207,52778.5,0.4166666666666667
std,2.50359971388749,0.500719942777498,0.37321460991343014,486.7072738427156,11.223445840139712,56862.110497481815,0.019857303390181397,0.019857303390181404,0.01346281206220847,0.02914865194195875,0.03560341649463291,0.15644358953760293,0.1614038847684623,0.15119840760302783,0.15119840760302783,17839.340726097103,0.4937165217434587
min,2008.0,0.0,0.0,23.0,45.5,19642.0,0.42,0.41,0.02,0.07,0.66,0.06,0.02,0.26,0.07,19023.0,0.0
25%,2008.0,0.0,1.0,263.0,72.15,25712.75,0.48,0.51,0.057499999999999996,0.16,0.74,0.81,0.07,0.59,0.16,39054.75,0.0
50%,2010.5,0.5,1.0,324.0,80.55,33299.5,0.48,0.52,0.06,0.17,0.765,0.895,0.11,0.74,0.26,48791.0,0.0
75%,2013.0,1.0,1.0,513.5,87.5,50959.5,0.49,0.52,0.07,0.19,0.78,0.93,0.1925,0.84,0.41,64843.0,1.0
max,2013.0,1.0,1.0,4193.0,97.2,503605.0,0.59,0.58,0.1,0.26,0.89,0.98,0.94,0.93,0.74,109570.0,1.0
